pais,nombre,lugar,inicio_conflicto,region
Argentina,33 comunidades de  Salinas grandes denuncian exploraciones mineras de litio inconsultas,"Argentina (salinas grandes, provincia de Jujuy y provincia de Salta)",2010.0,South America
Argentina,Andacollo Gold contamina aguas en Neuquén,"Argentina (Andacollo, Neuquén)",,South America
Argentina,Bajo la Alumbrera acusada de contaminación,"Argentina (Distrito Hualfin, Departamento de Belén,  Catamarca)",1997.0,South America
Argentina,Chilecito y Famatina contra Barrick Gold,"Argentina (Chilecito y Famatina, Provincia de La Rioja)",2006.0,South America
Argentina,Comunidades mapuches defienden el agua de Loncopue,Argentina (Neuquén),,South America
Argentina,"Detienen a mina de oro y cobre en el Valle de Uco, Mendoza","Argentina (Valle de Uco, Mendoza)",,South America
Argentina,Esquel: movilización histórica para paralizar El Desquite,"Argentina (Esquel, Chubut)",,South America
Argentina,Exploración de cobre y plata en Metán,"Argentina (Metan, Salta)",2007.0,South America
Argentina,"Exploración de metales en Sierra de la Ventana, provincia de Buenos Aires",Argentina (Sierra de la Ventana),2006.0,South America
Argentina,Exploracion Uranio a 7 kilometros de la plaza principal de Tinogasta,Argentina (Tinogasta),2007.0,South America
Argentina,"Exploraciones mineras al noroeste de Santa Cruz, Patagonia",Argentina (Noroeste de la provincia de Santa Cruz),2007.0,South America
Argentina,Extracción de Litio en Salar del Hombre Muerto,Argentina (Antofagasta de la Sierra),2000.0,South America
Argentina,Incertidumbre del proyecto Pachón,"Argentina, Chile (San Juan)",2005.0,South America
Argentina,Minera Aguilar amenaza aguas e identidad de Humahuaca,Argentina (Humahuaca),2008.0,South America
Argentina,Minera San Jorge de Coro Mining amenaza a Uspallata,"Argentina (Uspallata, Mendoza)",2009.0,South America
Argentina,Minería de oro en la línea sur de Río Negro,Argentina (Línea sur de Río Negro),,South America
Argentina,Movilizaciones en General Alvear suspenden proyecto de Exeter en Mendoza,Argentina (Mendoza),,South America
Argentina,Panamerican Silver con el proyecto Manantial Espejo amenaza la vida de Gobernador Gregores,"Argentina (Gobernador Gregores, Santa Cruz)",2008.0,South America
Argentina,"Pascua Lama, glaciares en peligro, Chile-Argentina","Chile, Argentina (Límite internacional chileno-argentino)",2000.0,South America
Argentina,Pobladores de Andalgalá rechazan autorización a proyecto minero Agua Rica,Argentina (Andalgalá),2009.0,South America
Argentina,Productores atacamas de Susques denuncian  impactos por explotaciones de litio,"Argentina (Departamento de Susques, provincia de Jujuy, Argentina)",2010.0,South America
Argentina,Provincia del Chubut se opone a Proyecto de plata Navidad de Panamerican Silver,Argentina (Provincia de Chubut),2004.0,South America
Argentina,Proyecto de plata Pirquitas amenaza aguas de Jujuy,"Argentina (Departamento Rinconada, Jujuy)",2009.0,South America
Argentina,Reapertura de mina de uranio en Sierra Pintada,"Argentina (San Rafael, Mendoza)",2004.0,South America
Argentina,Rechazó a la minería a gran escala en la Puna Jujeña,"Argentina (Rinconada, Provincia Jujuy, Región del Norte Gra. Argentino)",2009.0,South America
Argentina,Temen salinización de Río Colorado por extracción de Potasio,Argentina (Departamento de Malargüe),2006.0,South America
Argentina,Tres Quebradas: Pueblo de Fiambala rechaza proyecto de litio,"Argentina (Comuna de Fiambala, Departamento de Tinogasta, Catamarca.)",2016.0,South America
Argentina,Veladero contamina aguas del departamento de Iglesia,Argentina (San Juan),2005.0,South America
Bolivia,Bolivia nacionaliza fundidora Vinto de la suiza Glencore,Bolivia (Oruro),,South America
Bolivia,Cerro Challapata es defendido por sus habitantes,"Bolivia (Municipio de Challapata, Provincia de Eduardo Avaroa, Oruro)",2010.0,South America
Bolivia,Comibol y Kores explotan proyecto hidrometalúrgico en Coro Coro,Bolivia (Coro Coro ),2010.0,South America
Bolivia,Inti Raymi contamina Oruro,"Bolivia (Iroco, Oruro, Bolivia)",2001.0,South America
Bolivia,Mina Bolivar: Robo y contaminación de aguas,"Bolivia (Antequera, Provincia Poopó, Departamento Oruro)",2006.0,South America
Bolivia,Mineras San Cristóbal afecta fuentes de agua de comunidades,"Bolivia (San Cristóbal, Potosí, Bolivia)",2007.0,South America
Bolivia,"Protestas por contaminación de la Mina  Reserva Tres Amigos, Potosí",Bolivia (Potosí),,South America
Bolivia,San Bartolomé afecta a comunidades aymaras,Bolivia (Potosí),,South America
Bolivia,Sub Cuenca Huanuni: contaminacion de aguas y suelo por desechos mineros,Bolivia (Sub cuenca Huanuni),2003.0,South America
Bolivia,Vitichi contaminación de aguas y suelos por desechos mineros,Bolivia (Provincia Nor Chichas departamento de Potosí - Bolivia),1972.0,South America
Brasil,Ação popular tenta impedir  atividades da Companhia Vale do Rio Doce na Mina Capão Xavier,Brasil (Região Sudeste; Estado de Minas Gerais; Municipios de Belo H),,South America
Brasil,Atividade Mineradora causa doença e mortes em Santa Cruz de Minas (MG),"Brasil (Região Sudeste, Estado de Minas Gerais. Município de Santa C)",2004.0,South America
Brasil,"Atividades de mineração de zinco em Vazante, Minas Gerais.",Brasil (Região Sudeste; Estado de Minas Gerais; Triângulo Mineiro; M),2008.0,South America
Brasil,Carboníferas em Santa Catarina somam irregularidades e causam degradação do ambiente,"Brasil (Estado de Santa Catarina, municípios de Criciúma, Tubarão, F)",1990.0,South America
Brasil,Combate aos crimes relacionados à carvoarias no Piauí,"Brasil (Região Nordeste, Estado do Piauí)",2008.0,South America
Brasil,Companhia Vale do Rio Doce invade assentamentos no Pará.,Brasil (Região Norte; Estado do Pará; Município de Ourilândia do Nor),2008.0,South America
Brasil,Comunidades quilombolas do município de Moju (PA) contra Companhia Vale do Rio Doce,Brasil (Região Norte; Estado do Pará; Município do Moju; território ),2005.0,South America
Brasil,Conflicto entre los moradores de Piquiá y Minera Vale,"Brasil (Localidad de Piquiá, municipalidad de Açailândia, Maranhão)",2005.0,South America
Brasil,CSA causa morte de operários e pescadores e degradação ambiental.,Brasil (Rio de Janeiro),2007.0,South America
Brasil,Exploração de manganês pela ICOMI: passivo ambiental para a população de Serra do Navio,Brasil (Região Norte; Estado do Amapá; Municípios de Serra do Navio ),1989.0,South America
Brasil,Exploração mineral na Terra Indígena Cinta Larga,"Brasil (Estados de Rondônia e Mato Grosso, Terra Indígena Rossevelt)",2003.0,South America
Brasil,Explotación de Bauxita en Oriximina genera grave devastación socioambiental,"Brasil (Oriximina, Estado de Pará)",1979.0,South America
Brasil,"Grupo MMX no Amapá: favorecimento na concessão, implanta empreendimentos sem EIA/RIMA e so","Brasil (Região Norte; Estado do Amapá; municipios de Santana, Pedra )",2005.0,South America
Brasil,habitantes de Serra do Gandarela luchan contra instalación de Minera Apolo,"Brasil (Serra do gandarela, Minas Gerais)",2008.0,South America
Brasil,Mercúrio usado pelo Garimpo e Usinas Hidrelétricas no Rio Madeira contamina Porto Velho,"Brasil (Região Norte; Estado de Rondônia, Municipio de Porto Velho, )",2008.0,South America
Brasil,Minera de Fosfato amenaza Anitápolis,"Brasil (Anitápolis, Estado de Santa Catarina)",2007.0,South America
Brasil,Mineradora de alumínio Alcoa e populações tradicionais de Juruti,Brasil (Região Norte; Estado do Pará; município de Juruti.),2004.0,South America
Brasil,Mineradora inicia projeto de expansão em Paracatu (MG),Brasil (Região Sudeste; Estado Minas Gerais; Municípo de Paracatu.),1990.0,South America
Brasil,Moradores da Reserva de Curuçá (PA) exigem participação no licenciamento de empreendimento,"Brasil (Região Norte, Estado do Pará, Município de Curuçá, ilha de T)",2008.0,South America
Brasil,Programa Grande Carajás: mais de duas décadas de degradações e conflitos,"Brasil (Estados do Pará e Maranhão; Municípios de Parauapebas (PA), )",1997.0,South America
Brasil,"Projeto Minas-Rio, da MMX., inicia em uma Unidade de Conservação e  gera conflitos.",Brasil (Estado de Minas Gerais; mais intensamente os municipios de C),2008.0,South America
Brasil,"Projeto para construção de porto para escoamento do minério gera conflitos em Ilhés, Bahia",Brasil (Estado da Bahia; Município de Ilhéus; Ponta do Tulha.),2008.0,South America
Brasil,Proyecto Volta Grande amenaza territorios indígenas,"Brasil (Senador José Porfirio, Estado de Pará)",2012.0,South America
Brasil,Relaves mineros amenazan calidad de agua de Río de Janeiro,Brasil (Río de Janeiro),,South America
Brasil,Santo Amaro  y Boquira contaminadas por antiguas explotaciones de plomo,"Brasil (Santo Amaro da Purificaçao, Estado de Bahía)",,South America
Brasil,Vazamento de urânio contamina água potável em Caetité (BA),Brasil (Região Nordeste; Estado da Bahia; Município de Caetité.),2008.0,South America
Chile,Amenazados se encuentran Valle del Lluta y Canal Uchusuma por Minsur,"Chile, Perú (Vilvani, Depto Tacna; General Lagos, Región Arica Parinacota)",2007.0,South America
Chile,Ampliacion de Faenas de Carmen de Andacollo compromete la vida de más de 30.000 personas,Chile (Comuna de Andacollo),2009.0,South America
Chile,Antofagasta dice no a la expansión de Altonorte,Chile (Antofagasta),,South America
Chile,Caimanes contra tranques de relaves de minera Los Pelambres,"Chile (Caimanes, Salamanca)",2002.0,South America
Chile,Campesinos de Salamanca en conflicto con Proyecto Tres Valles de Vale,Chile (Provincia del Choapa),2007.0,South America
Chile,Carmen de Andacollo Arroja Desechos Tóxicos,"Chile (Andacollo, Región de Coquimbo, Chile)",1997.0,South America
Chile,Codelco y Soquimich contaminan y secan el oasís de Quillagua,Chile (Quillagua),2000.0,South America
Chile,Comunidad Aymara de Cancosa se opone a Cerro Colorado de BHP Billiton,Chile (Comuna de Pica),1985.0,South America
Chile,Comunidad de Peine se moviliza contra proyecto minero Delfín,"Chile (Peine, San Pedro de Atacama)",2015.0,South America
Chile,Comunidad de Pejerreyes se moviliza contra minera de capitales Chinos,"Chile (Pejerreyes, Ovalle. IV Región)",2015.0,South America
Chile,Comunidad de Penco dice NO a la minera BioLantánidos en la región del Bío Bío.,Chile (Penco- Región del Bio Bio-Chile),2016.0,South America
Chile,Comunidad de Toconao se opone a extración de salmuera de proyecto Purickuta,"Chile (Toconao, San Pedro de Atacama, Región de Antofagasta)",2017.0,South America
Chile,Comunidad indígena de Belén se moviliza contra las exploraciones mineras de Rio Tinto,Chile (Arica),2018.0,South America
Chile,Comunidad Quechua de Huatacondo Denuncia a Minera TEK,"Chile (Huatacondo, Pozo Almonte, región de Tarapacá)",2016.0,South America
Chile,Comunidades altoandinas en defensa del Salar de Maricunga,Chile (Atacama-Antofagasta),2017.0,South America
Chile,Comunidades del Velle del Elqui dicen NO a Minera Alturas de Barrick Gold,Chile (Vicuña),2011.0,South America
Chile,Comunidadesdel Valle del Huasco se oponen a Minera Nueva Unión,"Chile (Huasco, Tercera Región)",2018.0,South America
Chile,Contaminación de Bahía Chañaral por faenas de la estatal CODELCO,Chile (Bahía de Chañaral),1989.0,South America
Chile,Contaminación de poblaciones vecinas a Fundición Manganesos Atacama,"Chile (Sector Covico, Coquimbo)",1999.0,South America
Chile,Desafectación del Parque Nacional Lauca en favor de las transnacionales mineras,Chile (Putre),1999.0,South America
Chile,Doña Inés de Collahuasi contamina y seca el oasis de Pica,"Chile (Pica, región de Tarapacá)",2004.0,South America
Chile,Explotacion de yacimientos de carbón en Isla Guafo,"Chile (Isla Guafo, Chiloé)",2007.0,South America
Chile,Explotaciones del litio amenazan el Salar de Atacama,"Chile (San Pedro de Atacama, Región de antofagasta)",,South America
Chile,Habitantes de Isla Riesco y Movimientos Ambientales en alerta frente a la explotación de c,"Chile (Isla Riesco, Región de Magallanes y la Antártica Chilena, Ch)",2010.0,South America
Chile,Incertidumbre del proyecto Pachón,"Argentina, Chile (San Juan)",2005.0,South America
Chile,Kollas y agricultores se oponen a minera Cerro Casale,"Chile (Tierra Amarilla, Copiapó)",2001.0,South America
Chile,Lago Lleu lleu amenazado por hallazgo de escandio en la zona de Arauco,"Chile (Lago Lleu lleu, provincia de Arauco )",2005.0,South America
Chile,Llay Llay dice NO a la planta procesadora de metales pesados de Andrean Dragón Ltda.,"Chile (Comuna de Llay Llay, Provincia de San Felipe, R. Valparaíso)",2013.0,South America
Chile,Mapuches y comuneros detiene minería en el Río Colico,"Chile (Carahue, Provincia de Cautín, Región de la Araucanía)",2011.0,South America
Chile,Medio siglo de contaminación por fundación y refinería de cobre en Las Ventanas,"Chile (Las Ventanas, Región de Valparaíso, Chile)",1989.0,South America
Chile,Minera Dayton contamina aguas de Andacollo,Chile (Andacollo),2005.0,South America
Chile,Minera Los Pingos amenaza vida agrícola del Valle del Limarí,"Chile (Tulahuen, Monte Patria)",2001.0,South America
Chile,Oposición a Proyecto Andina 244,Chile (Valle del Aconcagua y Valle de Santiago),2013.0,South America
Chile,Oposición a Proyecto de extracción minera de hierro en las dunas de Putú,"Chile (Putú, comuna de Constitución. Septima Región)",,South America
Chile,Pampa Colorada pretende extraer agua de comunidades de Toconao Peine y Socaire,Chile (San Pedro de Atacama),2006.0,South America
Chile,Pampa Hermosa: Afectación hídrica a ecosistema salar único en el mundo,"Chile (Salar Llamara, Comuna Paipote, Región de Tarapacá)",2008.0,South America
Chile,"Pascua Lama, glaciares en peligro, Chile-Argentina","Chile, Argentina (Límite internacional chileno-argentino)",2000.0,South America
Chile,Planes de descontaminación deficientes de la estatal Fundición Paipote,"Chile (Tierra Amarilla, Copiapó)",1992.0,South America
Chile,"Proyecto ""El Espino"" Amenaza a comunidades y ecosistema del valle de Illapel","Chile (Valle de Illapel, Region de Coquimbo, Chile)",2016.0,South America
Chile,Proyecto Caserones: la única garantía que ofrece es sequía para Tierra Amarilla,"Chile (Tierra Amarilla, Copiapó)",2008.0,South America
Chile,Proyecto Catanave: destrucción del Parque Lauca y Reserva Las Vicuñas,"Chile (Putre, Provincia de Parinacota, Región de Arica Parinacota)",2009.0,South America
Chile,Proyecto Dominga: destrucción y saqueo ambiental,"Chile (Región de Coquimbo, comuna de La Higuera)",2013.0,South America
Chile,Proyecto Los Domos Amenaza Al Ecosistema del Parque Patagonia,"Chile (Chile Chico, Aysen )",2017.0,South America
Chile,Proyecto minero Los Pumas amenaza contaminar las aguas del río Lluta,"Chile (Putre, Provincia de Parinacota, Región de Arica Parinacota)",2010.0,South America
Chile,Proyecto NX Uno  amenaza secar la comunidad de Peine,"Chile (Peine, San Pedro de Atacama, Región de Antofagasta)",2009.0,South America
Chile,Proyecto Paguanta: destrucción de la Quebrada de Tarapacá,"Chile (Comuna de Huara, Región de Arica y Parinacota)",2011.0,South America
Chile,Proyecto Vizcachita: afectación al Valle de Putaendo,"Chile (Comuna de Putaendo, Región de Valparaíso)",2011.0,South America
Chile,Teck Cominco avanza sobre las aguas de Ingahuaz,Chile (Valle de Elqui),2009.0,South America
Chile,Vecinos de Maipú y P. Hurtado en pie de lucha contra explotación de puzolana,"Chile (Municipios de Maipú y Padre Hurtado, Región Metropolitana)",2012.0,South America
Colombia,Cambio de vocación agrícola de Caramanta por proyectos de transnacionales Canadienses,Colombia (Caramanta),2006.0,South America
Colombia,Campesinos y agricultores  del suroeste de Antioquia se levantan contra AngloGold,Colombia (Jerico ),2005.0,South America
Colombia,Cerro Matoso: Destrucción ambiental y daños a  la salud en Pijao,"Colombia (Municipio Montelibano, Departamento de Córdoba)",2010.0,South America
Colombia,Conseciones Mineras amenazan con destruir Paisaje Cultural Cafetero de Quindío,Colombia (Departamento de Quindío),2016.0,South America
Colombia,Defensa del Páramo el Almorzadero,Colombia (Municipio de Cerrito.),1991.0,South America
Colombia,Defensa del Páramo Pisba: ¡Fuera de la locomotora minera de Tasco!,"Colombia (Páramo Pisba, Municipio de Tasco, Boyacá)",2012.0,South America
Colombia,"El carbon de las transnacionales: contaminación, deterioro y desplazamiento en el Cesar",Colombia (Departamento de Cesar),,South America
Colombia,El Carmen de Chucurí rechaza explotación minera a gran escala,"Colombia (Carmen de Chucurí , Santander)",2010.0,South America
Colombia,"El Cerrejón, el carbón de la Guajira","Colombia (Guajira colombiana, Colombia)",1983.0,South America
Colombia,Landázuri y Velez amenazada por proyectos carboníferos,Colombia (Municipo de Landázuri ),2008.0,South America
Colombia,Megaproyectos en el municipio de Quinchia,Colombia (Departamento de Risaralda),2004.0,South America
Colombia,"Mina de Oro en Reserva Natural de Zaragoza, Valle del Cauca, Colombia",Colombia (Zaragoza - Buenaventura),2009.0,South America
Colombia,Minería ilegal en Santander de Quilichao,"Colombia (Santander de Quilichao, Cauca)",2009.0,South America
Colombia,"Proyecto ""La Guajira"" Amenaza Cañaverales, Colombia","Colombia (La Guajira, Colombia)",2013.0,South America
Colombia,Proyecto Angostura: amenaza la biodiversidad del Páramo de Santurbán,"Colombia (Nororiente del Departamento de Santander, Provincia de Soto,)",1996.0,South America
Colombia,"Proyecto FHD-161: Amenaza con contaminar Río Blanco, Parque Yariguies y Río Magdalena","Colombia (Municipios de Vélez y Landazuri, Departamento de Santander)",2014.0,South America
Colombia,Proyecto Mandé Norte compromete territorios de comunidades afro y resguardos indígenas de,Colombia (Municipios Carmen del Darién y Murindó),2007.0,South America
Colombia,Reasentamiento de la población de Marmato por presiones de Goldfields,Colombia (Municipio de Marmato),2007.0,South America
Colombia,Resistencia en el Tolima contra invasión de La Colosa,"Colombia (Vereda La Luisa, entre el casco urbano de Cajamarca y el Alt)",2008.0,South America
Costa Rica,Capital noruego practica minería ilícita en reserva indígena bri bri,Costa Rica (Talamanca-Bribri CONAI),2007.0,Central America
Costa Rica,Proyecto Crucitas atenta contra el ecosistema del Río San Juan,"Costa Rica, Nicaragua (Frontera Costa Rica y Nicaragua)",,Central America
Ecuador,"Bolivar exije salida de Curimining por problemas legales, ambientales y sociales","Ecuador (Sector Congreso, Cantón Las Naves)",2005.0,South America
Ecuador,Comunidades del cantón  Loja defienden el páramo Fierro Urco contra la megaminería,"Ecuador (Fierro Urco, Loja, Ecuador)",2015.0,South America
Ecuador,Ecuacorrientes en Cordillera del Cóndor,Ecuador (Morona Santiago),2006.0,South America
Ecuador,Habitantes de Shaglli defienden el agua e impiden el paso de minera siendo criminalizados,"Ecuador (Parroquia Shaglly, Azuay, Ecuador)",2012.0,South America
Ecuador,Intag se opone a la minería de Ascendant Corp,"Ecuador (Intag, provincia de Imbabura, Ecuador)",1995.0,South America
Ecuador,Oposición a proyecto Fruta del Norte,"Ecuador (Yantzaza, Provincia de Zamora Chinchipie, Ecuador)",2008.0,South America
Ecuador,Pobladores de Azuay movilizados contra Quimsacocha para proteger el agua,Ecuador (Provincia de Azuay),2004.0,South America
Ecuador,"Proyecto LLurimagua de Codelco, planea explotar el canton ecológico Intag","Ecuador (Imbabura, Intag, Cotacachi)",2011.0,South America
Ecuador,Rio Blanco protesta por la instalación de la minera Ecuagoldmining en sus tierras,Ecuador (Azuay),2017.0,South America
El Salvador,El Dorado: la batalla por el agua y la salud de Cabañas,"El Salvador (Departamento de Cabañas, El Salvador)",2005.0,Central America
El Salvador,Guatemaltecos y salvadoreños se oponen a proyecto Cerro Blanco,"Guatemala, El Salvador (Asunción Mita (Guatemala) Metapán (El Salvador))",2007.0,Central America
El Salvador,Salvadoreños de Cabañas detienen proyecto de exploración Santa Rita,"El Salvador (Municipio San Isidro, Distrito de Sensuntepeque, Departament)",2007.0,Central America
Guatemala,Comunidades de Chiantla se oponen vía consulta a la minería,"Guatemala (Chiantla, Huehuetenango)",2008.0,Central America
Guatemala,Comunidades de Momostenango se oponen a proyectos mineros en su territorio,"Guatemala (Momostenango, departamento de Totonicapán)",2005.0,Central America
Guatemala,Comunidades Mam de Cabricán ganan recurso judicial contra minera Eluvia,"Guatemala (Cabricán, Departamento de Quetzaltenango)",2007.0,Central America
Guatemala,Guatemaltecos y salvadoreños se oponen a proyecto Cerro Blanco,"Guatemala, El Salvador (Asunción Mita (Guatemala) Metapán (El Salvador))",2007.0,Central America
Guatemala,La Puya resiste pacíficamente a la minería,Guatemala (San Jose del Golfo y San Pedro Ayampuc),2011.0,Central America
Guatemala,Municipio de San Juan Sacatepéquez contra instalación de cementera en su territorio,Guatemala (Municipio de San Juan Sacatepéquez),2005.0,Central America
Guatemala,Orden Judicial anula licencia social a proyecto minero Tajumulco II,"Guatemala (Municipio de Tajumulco, departamento San marcos)",2007.0,Central America
Guatemala,Pobladores de San Rafael en alerta ante proyecto minero Escobal,"Guatemala (Municipio San Rafael de Las Flores, Departamento Santa Rosa)",2008.0,Central America
Guatemala,"Proyecto Marlin: Amenaza  el agua, la agricultura y la vida en San Miguel Ixtahuacan","Guatemala (San Miguel de Ixtahuacan, Departamento de San Marcos)",2004.0,Central America
Guatemala,Resistencia de las comunidad Q’eqchi’ contra el Níquel de El Estor,"Guatemala (Izabal, al sur de Guatemala)",1999.0,Central America
Guayana Francesa,La Montaña Kow es protegida de la explotación de Iamgold,Guayana Francesa (Cayenne),2007.0,South America
Honduras,Comunidad Nueva Esperanza sufre hostigamientos y amenazas de muerte,"Honduras (Comunidad Nueva Esperanza, Municipio Tela, Atlántida)",2013.0,Central America
Honduras,Comunidades de Colon defienden rio Guapinol de la minera Inversiones Pinares,Honduras (Departamento Colon-Honduras),2018.0,Central America
Honduras,"Comunidades rechazan explotaciones mineras en El Triunfo, Choluteca","Honduras (Municipio de El Triunfo, Departamento de Choluteca)",1997.0,Central America
Honduras,Entre Mares contamina el Valle de Siria,"Honduras (Valle de Siria, Francisco de Morazán)",2001.0,Central America
Honduras,Proyecto San Andrés: descarga cianuro en Copán,"Honduras (La Unión Copan, Honduras)",,Central America
Honduras,Santa Barbara Dice No A La Minera Oracle Energy,Honduras (Santa Bárbara ),2007.0,Central America
México,Campesinos del ejido Benito Juárez expulsan a minera Mag Silver,"México (Ejido Benito Juárez Municipio de Buenaventura, Chihuahua )",2012.0,North America
México,"Cananea, Grupo México y Sindicato Minero","México (Cananea, Sonora, México.)",2007.0,North America
México,Comuneros se oponen a la expansión de la mina Aquila,México (San Miguel de Aquila),2000.0,North America
México,Comunidad indígena de Canoas se moviliza contra proyecto minero Rufus 5 en Colima,"México (Canoas, Colima )",2019.0,North America
México,Comunidades campesinas frenan proyecto minero Cerro del Gallo en Guanajuato,"México (Dolores Hidalgo, Guanajuato )",2019.0,North America
México,Comunidades de varios municipios  se movilizan contra contaminación de minera Autlán,"México (Molango, Lolotla, Xochicoatlán. Estado de Hidalgo.)",1999.0,North America
México,Comunidades del municipio de  Ocotlán reclaman ilegalidad en concesiones mineras,"México (Municipio de Ocotlan, Oaxaca)",2002.0,North America
México,Comunidades del Soconusco (Chiapas) Se movilizan contra la actividad minera,"México (Soconusco, Estado de Chiapas)",2015.0,North America
México,Comunidades Indígenas de Sierra Sur unidas en la oposición a la minería de hierro,"México (Municipio Santa María de Zaniza, Región Sierra Sur, Oaxaca, )",1999.0,North America
México,Contaminación con desechos tóxicos y ausencia de políticas ambientales en Nuevo Mercurio,"México (Mazapil, Zacatecas)",1980.0,North America
México,Contaminación y acuerdos incumplidos de mina El Coronel en comunidades de  Zacatecas,"México (Ojocaliente-Luis Moya, Zacatecas, México)",2015.0,North America
México,Criminalizan protesta de habitantes de San José del Progreso por mina La Trinidad,"México (San José del Progreso, Ocotlán, Oaxaca)",2009.0,North America
México,Defensores del territorio Comcaac detienen la explotación ilegal de sus sitios sagrados,"México (Hermosillo y Pitiquito, Sonora)",2014.0,North America
México,Del Toro: contaminación ambiental a la comunidad de Chalchihuites,"México (Chalchihuites, Zacatecas)",2014.0,North America
México,Derrame tóxico por negligencia empresarial en mina el Chanate de Sonora,"México (Altar, Sonora)",2016.0,North America
México,Derrame tóxico y contaminación de la mina San Martín alerta a comunidades afectadas,"México (Sombrerete, Zacatecas, Mexico)",,North America
México,Derrumbe en Pasta de Conchos,"México (Coahuila, México.)",2006.0,North America
México,"Despojo de tierras y guerra de carteles en la mina Dolores, Chihuahua","México (Chihuahua, México.)",,North America
México,Don Diego: afectación al subsuelo y la vida marina de Baja California,"México (Bahía de Ulloa, Baja California Sur)",2014.0,North America
México,Ejidatarios de San Tiburcio exigen revisar acuerdos por el proyecto minero Camino Rojo,"México (Mazapil, Zacatecas)",2014.0,North America
México,Ejidatarios denuncian apropiación de tierras y contaminación de minera  Real de Angeles,"México (Mexicali, Estado de Baja California )",1990.0,North America
México,Ejidatarios se levantan contra Mina de barita de Blackfire Exploration en Chicomuselo,"México (Municipio de Chicomuselo, Chiapas, México.)",2008.0,North America
México,El Derrame de Minera María,"México (Sonora, México)",1999.0,North America
México,El ejido el Bajío lucha contra Fresnillo Plc por invadir sus tierras,"México (Caborca, Sonora)",2009.0,North America
México,"Equinox Gold violó los convenios sobre uso de tierras en Carrizalillo, Guerrero","México (Ejido Carrizalillo, Guerrero)",2007.0,North America
México,Fuerte oposición de las comunidades de San Miguel del progreso  a la actividad minera,"México (San miguel del progreso, Malinaltepec, Estado de Guerrero)",2011.0,North America
México,Great Panther contamina el agua de Guanajuato,"México (Guanajuato, México)",2008.0,North America
México,Ixtacamaxtitlan en alerta ante exploraciones mineras de Almaden Minerals,"México (San Miguel Tuligtic, Municipio de Ixtacamaxtitlan, Estado de)",2009.0,North America
México,La Colorada lucha por su tierra contra el despojo de Panamerican Silver,"México (Chalchihuites, Zacatecas, México)",2014.0,North America
México,Los Cardones: tercer intento por explotar Sierra de la Laguna (ex Paredones Amarillos),"México (Municipio La Paz, Baja California)",2007.0,North America
México,"Mina de Oro Nacional (canadiense) vs habitantes de Mulatos, Sonora, México","México (Mulatos, Sonora)",,North America
México,Minera Autlán: amenaza con explotar Área Natural Protegida Sierra del Tentzo,"México (Municipio de Huehuetlán El Grande, Estado de Puebla)",2009.0,North America
México,Minera Canadiense contamina comunidades de Temascalepec,"México (Temascaltepec, Estado de México)",2007.0,North America
México,Minera contamina con arsénico el agua de Cocula,"México (Guerrero, México)",2007.0,North America
México,Minera Excellon viola derechos humanos de ejido La Sierrita,"México (Municipio de Tlahualilo, Estado Durango)",2011.0,North America
México,Minera Peña Colorada contamina y arrasa con territorio indigena Nahua,México (Estados de Colima y Jalisco),2012.0,North America
México,Minera Peñasquito: despojo y contaminación del semidesierto zacatecano,"México (Mazapil, Zacatecas)",2009.0,North America
México,Minera Pitalla de Argonauta Gold amenaza el Estado de Baja California Sur,"México (San Antonio, Estado de Baja California Sur )",2010.0,North America
México,Minera San Xavier opera fuera de la Ley,"México (San Luis, Potosí, México)",1996.0,North America
México,"Municipio de Motozintla, Chiapas, se opone a Mina de Oro en Ejido Carrizal","México (Motozintla, Chiapas)",2007.0,North America
México,Oposición a planta de antimonio en Queretaro,"México (San Antonio de la Cal, Tolimán)",,North America
México,Poblado Magdalena de Teitipac expulsa a minera de sus tierras,"México (Magdalena de Tetipac, Tlacolula, Oaxaca)",2013.0,North America
México,Pobladores de Vetagrande se oponen a minera Santacruz por contaminación y daños a la salud,"México (Vetagrande, Zacatecas)",1998.0,North America
México,Proyecto Calcosita-Salaverna: Despojo a comunidad de Salaverna,"México (Comunidad Salaverna, Municipio de Mazapil, Estado Zacateca)",2010.0,North America
México,Proyecto Cerro Jumil: Zona arqueológica de Xochicalco amenazada por la minería,"México (Municipios de Miacatlán y Temixco, Estado de Morelos)",2012.0,North America
México,Proyecto El Aretón: destrucción y saqueo ambiental en Tlatlauquitepec,"México (Municipio Tlatlauquitepec, Estado de Puebla)",2013.0,North America
México,Proyecto Encantada: ursurpación de tierras a ejido Tenochtitlán,"México (Municipio de Ocampo, Estado de Coahuila)",1980.0,North America
México,Proyecto La Lupe: expulsado de las tierras de Zautla,"México (Santiago de Zautla, Sierra Norte, Estado de Puebla)",2012.0,North America
México,Proyecto minero en Zacualpán: saqueo y contaminación de agua,"México (Zacualpán, Colima)",2013.0,North America
México,Pueblo Wixárika defiende su territorio sagrado Wirikuta de la destrucción minera,"México (Municipio de Catorce, San Luís Potosí, México)",2010.0,North America
México,Represión y Criminalización en torno al ilegal Proyecto “Chemours Laguna”,México (Durango),2016.0,North America
México,Resistencia indígena en la Sierra Negra de Puebla contra Minera Autlán,México (Sierra Negra de Puebla),2016.0,North America
México,Samalayuca Cobre: posible contaminación de agua y desafección de área protegida,"México (Sierra de Samalayuca, Estado de Chihuahua)",2015.0,North America
México,San José de Buenavista dice no a la empresa minera First Majestic,"México (Chalchihuites, Zacatecas)",2018.0,North America
México,Tequesquitlán se opone a minera china Ganbo,"México (Tequequitlán, Cuautitlán de García Barragán, Jalisco)",2013.0,North America
México,Tetela de Ocampo se opone a minera Frisco de C. Slim,"México (Tetela de Ocampo, Sierra Norte, Estado de Puebla)",2012.0,North America
México,Valle de Los Sirios y Comunidades Campesinas amenazadas por proyecto minero El Arco,"México (Municipio Ensenada, Baja California, México)",2010.0,North America
México,Veracruz se opone a proyecto de oro a 3 kilómetros de Central Nuclear,"México (Alto Lucero, Veracruz)",,North America
Nicaragua,Comunidades  de Santa Cruz de La India se oponen a mina La India,"Nicaragua (Santa Cruz de la India, Santa Rosa del Peñón, depto León)",2015.0,Central America
Nicaragua,El Pavón: Cerro Pavón y Río Yaoska amenazados por los impactos mineros,"Nicaragua (Municipalidad de Rancho Grande, Departamento de Matagalpa)",2010.0,Central America
Nicaragua,La Libertad: B2Gold contamina las aguas en Conchales,"Nicaragua (Municipio de Santo Domingo, Departamento de Conchales)",2012.0,Central America
Nicaragua,Metales pesados en el Río Mico,"Nicaragua (Municipalidad de La Libertad, Departamento de Chontales)",2005.0,Central America
Nicaragua,Proyecto Crucitas atenta contra el ecosistema del Río San Juan,"Costa Rica, Nicaragua (Frontera Costa Rica y Nicaragua)",,Central America
Nicaragua,Proyecto mineros pretenden explorar oro en Nueva Segovia,"Nicaragua (San Albino, municipio El Jícaro, depto de Nueva Segovia)",2017.0,Central America
Nicaragua,"Vecinos de Larreynaga, León, denuncian contaminación sostenida de minera Tritón S.A","Nicaragua (Larreynaga, León)",2007.0,Central America
Panamá,"""Cobre Panamá"" destruirá el Pasillo Mesoamericano Biológico","Panamá (Distrito Donoso, Provincia de Colón)",2010.0,Central America
Panamá,"Cerro Quema, el Frente Santeño se defiende","Panamá (Provincia de los Santos, Panamá)",1997.0,Central America
Panamá,Fiebre de oro en Soná,"Panamá (Soná, Panamá)",2006.0,Central America
Panamá,Los Ngöbe contra la Mina de Cerro Chorcha,Panamá (Panamá),,Central America
Panamá,Minera Petaquilla viola legislación ambiental,"Panamá (Provincia de Coclé, Centro Este de Panamá)",2005.0,Central America
Panamá,Provincia de Chiriquí contra la minería metálica,"Panamá (Provincia de Chiriquí, Panamá)",2008.0,Central America
Panamá,Proyecto Remance: fuentes de agua amenazadas por reactivación de actividad minera,"Panamá (Distrito de San Francisco de Veraguas, Provincia de Veraguas)",2014.0,Central America
Paraguay,Pueblo Paraguayo realiza campaña para expulsar a Río Tinto Alcan,Paraguay (Sureste de Paraguay),2011.0,South America
Perú,Agricultores de Tambogrande expulsan a minera Manhattan,"Perú (Distrito Tambogrande, Provincia de Piura, Depto. de Piura)",1999.0,South America
Perú,Amenazados se encuentran Valle del Lluta y Canal Uchusuma por Minsur,"Chile, Perú (Vilvani, Depto Tacna; General Lagos, Región Arica Parinacota)",2007.0,South America
Perú,Aymarazo contra minera canadiense Bear Creek en Puno,"Perú (Distrito Huacullani, Provincia de Chucuito, Región de Puno)",2011.0,South America
Perú,Barrick se impone en Alto Chicama,Perú (Distrito de Quiruvilca),2005.0,South America
Perú,Cajamarca defiende sus aguas y dice no a proyecto Conga de Newmont,Perú (Cajamarca),2009.0,South America
Perú,Comuneros de San Pedro de Ocobamba afectada por impactos de la Mina Antapite,"Perú (Córdova y Ocoyo, Huaytara)",2007.0,South America
Perú,Comunidad campesina de Chavín exige cumplimiento de acuerdos a empresa Nexa Resources,"Perú (Distrito Chavín, Provincia Chincha, Ica)",2019.0,South America
Perú,Comunidad de Juprog denuncia contaminación minera por parte de la empresa Antamina,"Perú (San Marcos, Huari)",2006.0,South America
Perú,Comunidades campesinas exigen consulta frente a la expansión del proyecto Antapaccay,Perú (Cusco),2019.0,South America
Perú,Comunidades de Candarave se oponen a compartir su agua con la minería,"Perú (Candarave, Tacna)",1992.0,South America
Perú,Comunidades Wampís exigen el cese y retiro inmediato de la minería ilegal de su territorio,"Perú (Distrito Río Santiago, Provincia Condorcanqui, Amazonas)",2014.0,South America
Perú,CONFLICTO MINERO CENTAURO LAGUNA CONOCOCHA,Perú (Ancash),2010.0,South America
Perú,Conflicto social en Caylloma por trabajos de exploración de minera Buenaventura,"Perú (Caylloma, Arequipa)",2018.0,South America
Perú,"Contaminacion de ríos en Puno, Peru, por minera Aruntani","Perú (Puno, Perú)",2012.0,South America
Perú,Contaminación e Intoxicación con metales pesados en el Callao,Perú (El Callao),1998.0,South America
Perú,Distrito de Reque se opone planta de demostración de Río Tinto por temor a contaminación,"Perú (Reque, Chiclayo)",2007.0,South America
Perú,"Empresa CIEMSA contamina los ríos Llapatera, Paratía, Santa Lucía y Cabanillas","Perú (Distritos de Paratía y Santa Lucía, Prov. Lampa, Depto. Puno)",2006.0,South America
Perú,La defensa del agua en Espinar contra la contaminación minera de Tintaya-Antapaccay,"Perú (Espinar, Perú)",2000.0,South America
Perú,La Oroya : Contaminación con metales pesados y destrucción ambiental,Perú (La Oroya),2002.0,South America
Perú,Laguna Conococha y Parque Nacional de Huscarán son defendidas por comunidades  de Recuay,"Perú (Laguna Conocacha, Provincia de Recuay, Ancach)",2009.0,South America
Perú,"Las Bambas, Mega proyecto",Perú (Apurimac),2004.0,South America
Perú,Minera Afrodita invade la amazonía peruana en busca de oro y cobre,"Perú (El Cenepa, provincia de Condorcanqui)",2006.0,South America
Perú,Miski mayo siembra el miedo y la división en Cajamarca,"Perú (Pedro Gálvez, Cachachi, y Jesús)",,South America
Perú,Municipio de Vegueta se opone a embarcadero de plomo,Perú (Lima),2007.0,South America
Perú,Oposición de agricultores a la desviación del río Asana para el proyecto Quellaveco,"Perú (Torata, Mariscal Nieto, Moquehua)",2000.0,South America
Perú,Oposición de la población de Cerro de Pasco a la expansión minera,Perú (Cerro de Pasco),2006.0,South America
Perú,Oposición de las comunidades de Chumbivilcas a las concesiones y actividades mineras,"Perú (Chumbivilcas, Cuzco)",,South America
Perú,"Pierina: engaños, contaminación y destrucción","Perú (Huaraz, Perú)",2002.0,South America
Perú,Población de Hualgayoc demanda cumplimiento de acuerdos a empresa Gold Fields-La Cima SAA,"Perú (Hualgayoc, Cajamarca)",2010.0,South America
Perú,Pobladores de Cañaris NO quieren proyecto minero Cañariaco,"Perú (Distrito Kañaris, Provincia de Ferreñafe, Región de Lambayeq)",2012.0,South America
Perú,Proyecto Constancia: amenaza con contaminar el río Velille o Maracay,"Perú (Distritos y Livitaca, Chumbivilcas, Cusco)",2011.0,South America
Perú,Proyecto Los Chancas: rechazo comunitario a la amenaza minera,"Perú (Distrito de Tapairihua, Aymaraes, Apurímac)",2010.0,South America
Perú,Proyecto Rasuhuilca: amenaza a la cuenca Ccarhuarazu,"Perú (Provincia de Sucre, Región de Ayacucho)",2013.0,South America
Perú,Proyecto Río Blanco (Ex Majaz),"Perú (Comunidad de Segunda y Cajas, Piura, Perú)",2004.0,South America
Perú,Proyecto Rosa Roja: Amenaza con contaminar fuente hídrica de comunidad Muylaque,"Perú (Provincia Mariscal Nieto, Región Moquegua)",2015.0,South America
Perú,Proyecto Tantahuatay de minera Coymolache desplaza a poblado El Tingo sin consentimiento c,"Perú (Bambamarca, capital de la provincia de Hualgayoc)",,South America
Perú,Regina: Relaves mineros contaminan el agua de Condoraque,"Perú (Distrito Quilcapunco, Provincia San Antonio de Putina, Puno)",2009.0,South America
Perú,Relaves en San Mateo de Huanchor,"Perú (San Mateo de Huanchor, Mayoc)",1999.0,South America
Perú,Represa de Lago Junín inunda tierras con aguas contaminadas por la minería,"Perú (Junin, Pasco)",1994.0,South America
Perú,Reubicación de la población de Morococha para desarrollar proyecto minero de Toromocho,"Perú (Morococha, provincia de Yauli, Junín)",2003.0,South America
Perú,Ronderos de Pulan protegen sus agua contra el proyecto minero La Zanja,"Perú (Pulán, Santa Cruz)",2004.0,South America
Perú,Santo Domingo: Mantos acuíferos y nacientes de cuencas de Ñuñoa amenazados por Minsur,"Perú (Pasanacollo,Distrito Ñuñoa, Provincia Melgar, Región de Puno)",2015.0,South America
Perú,Southern Peaks Mining y su proyecto Ariana amenazan el agua de Lima,"Perú (Lima, Peru)",2019.0,South America
Perú,Tía María: Agricultores de Valle del Tambo se oponen a minería,"Perú (Cocachacra, Provincia de Islay)",2009.0,South America
Perú,Yanacocha insiste luego de ser expulsada por las comunidades de Cerro Quilish,"Perú (Cerro Quilish, Cajamarca)",2000.0,South America
Perú,Yanacocha: Impactos ambientales y sociales,"Perú (Cajamarca, Perú)",1993.0,South America
República Dominicana,Mina contamina EL Valle,República Dominicana (),,Caribbean
República Dominicana,Reserva ecológica Loma Miranda amenazada por Xstrata Nickel,"República Dominicana (La Vega, Republica Dominicana)",2008.0,Caribbean
República Dominicana,Vecinos de Cotuí contra proyecto Pueblo Viejo de Barrick Gold,"República Dominicana (Cotuí, provincia Sánchez Ramírez)",,Caribbean
Trinidad y Tobago,Fundición de aluminio es repudiada en Trinidad y Tobago,"Trinidad y Tobago (Otaheite, Puerto España)",2005.0,Caribbean
Uruguay,Aratirí. NO a la minería de hierro a cielo abierto,"Uruguay (Departamento de Durazno, Florida, Treinta y tres y parte de )",2010.0,South America
Venezuela,Explotación carbonífera contamina sierras de Perijá,"Venezuela (Sierra Perijá, Estado de Zulia)",2000.0,South America
Venezuela,Proyecto Brisas-Cristinas: amenaza con acabar las últimas reservas de agua dulce del mundo,"Venezuela (Municipio Sifontes, Estado Bolívar)",2015.0,South America
