dataset,mineral_group,mineral,stage,country,row_type,total_label,scenario,year,value,unit
supply,Cobalt,Cobalt,Mining,Argentina,country,,Base case,2025,0.0,kt
supply,Cobalt,Cobalt,Mining,Argentina,country,,Base case,2030,0.0,kt
supply,Cobalt,Cobalt,Mining,Argentina,country,,Base case,2035,0.0,kt
supply,Cobalt,Cobalt,Mining,Argentina,country,,Base case,2040,0.0,kt
supply,Cobalt,Cobalt,Mining,Bolivia,country,,Base case,2025,0.0,kt
supply,Cobalt,Cobalt,Mining,Bolivia,country,,Base case,2030,0.0,kt
supply,Cobalt,Cobalt,Mining,Bolivia,country,,Base case,2035,0.0,kt
supply,Cobalt,Cobalt,Mining,Bolivia,country,,Base case,2040,0.0,kt
supply,Cobalt,Cobalt,Mining,Brazil,country,,Base case,2025,0.0,kt
supply,Cobalt,Cobalt,Mining,Brazil,country,,Base case,2030,0.0,kt
supply,Cobalt,Cobalt,Mining,Brazil,country,,Base case,2035,0.0,kt
supply,Cobalt,Cobalt,Mining,Brazil,country,,Base case,2040,0.0,kt
supply,Cobalt,Cobalt,Mining,Chile,country,,Base case,2025,0.0,kt
supply,Cobalt,Cobalt,Mining,Chile,country,,Base case,2030,0.0,kt
supply,Cobalt,Cobalt,Mining,Chile,country,,Base case,2035,0.0,kt
supply,Cobalt,Cobalt,Mining,Chile,country,,Base case,2040,0.0,kt
supply,Cobalt,Cobalt,Mining,Colombia,country,,Base case,2025,0.0,kt
supply,Cobalt,Cobalt,Mining,Colombia,country,,Base case,2030,0.0,kt
supply,Cobalt,Cobalt,Mining,Colombia,country,,Base case,2035,0.0,kt
supply,Cobalt,Cobalt,Mining,Colombia,country,,Base case,2040,0.0,kt
supply,Cobalt,Cobalt,Mining,Ecuador,country,,Base case,2025,0.0,kt
supply,Cobalt,Cobalt,Mining,Ecuador,country,,Base case,2030,0.0,kt
supply,Cobalt,Cobalt,Mining,Ecuador,country,,Base case,2035,0.0,kt
supply,Cobalt,Cobalt,Mining,Ecuador,country,,Base case,2040,0.0,kt
supply,Cobalt,Cobalt,Mining,Guyana,country,,Base case,2025,0.0,kt
supply,Cobalt,Cobalt,Mining,Guyana,country,,Base case,2030,0.0,kt
supply,Cobalt,Cobalt,Mining,Guyana,country,,Base case,2035,0.0,kt
supply,Cobalt,Cobalt,Mining,Guyana,country,,Base case,2040,0.0,kt
supply,Cobalt,Cobalt,Mining,Paraguay,country,,Base case,2025,0.0,kt
supply,Cobalt,Cobalt,Mining,Paraguay,country,,Base case,2030,0.0,kt
supply,Cobalt,Cobalt,Mining,Paraguay,country,,Base case,2035,0.0,kt
supply,Cobalt,Cobalt,Mining,Paraguay,country,,Base case,2040,0.0,kt
supply,Cobalt,Cobalt,Mining,Peru,country,,Base case,2025,0.0,kt
supply,Cobalt,Cobalt,Mining,Peru,country,,Base case,2030,0.0,kt
supply,Cobalt,Cobalt,Mining,Peru,country,,Base case,2035,0.0,kt
supply,Cobalt,Cobalt,Mining,Peru,country,,Base case,2040,0.0,kt
supply,Cobalt,Cobalt,Mining,Suriname,country,,Base case,2025,0.0,kt
supply,Cobalt,Cobalt,Mining,Suriname,country,,Base case,2030,0.0,kt
supply,Cobalt,Cobalt,Mining,Suriname,country,,Base case,2035,0.0,kt
supply,Cobalt,Cobalt,Mining,Suriname,country,,Base case,2040,0.0,kt
supply,Cobalt,Cobalt,Mining,Uruguay,country,,Base case,2025,0.0,kt
supply,Cobalt,Cobalt,Mining,Uruguay,country,,Base case,2030,0.0,kt
supply,Cobalt,Cobalt,Mining,Uruguay,country,,Base case,2035,0.0,kt
supply,Cobalt,Cobalt,Mining,Uruguay,country,,Base case,2040,0.0,kt
supply,Cobalt,Cobalt,Mining,Venezuela,country,,Base case,2025,0.0,kt
supply,Cobalt,Cobalt,Mining,Venezuela,country,,Base case,2030,0.0,kt
supply,Cobalt,Cobalt,Mining,Venezuela,country,,Base case,2035,0.0,kt
supply,Cobalt,Cobalt,Mining,Venezuela,country,,Base case,2040,0.0,kt
supply,Copper,Copper,Mining,Argentina,country,,Base case,2025,0.0,kt
supply,Copper,Copper,Mining,Argentina,country,,Base case,2030,0.0,kt
supply,Copper,Copper,Mining,Argentina,country,,Base case,2035,0.0,kt
supply,Copper,Copper,Mining,Argentina,country,,Base case,2040,0.0,kt
supply,Copper,Copper,Mining,Bolivia,country,,Base case,2025,0.0,kt
supply,Copper,Copper,Mining,Bolivia,country,,Base case,2030,0.0,kt
supply,Copper,Copper,Mining,Bolivia,country,,Base case,2035,0.0,kt
supply,Copper,Copper,Mining,Bolivia,country,,Base case,2040,0.0,kt
supply,Copper,Copper,Mining,Brazil,country,,Base case,2025,0.0,kt
supply,Copper,Copper,Mining,Brazil,country,,Base case,2030,0.0,kt
supply,Copper,Copper,Mining,Brazil,country,,Base case,2035,0.0,kt
supply,Copper,Copper,Mining,Brazil,country,,Base case,2040,0.0,kt
supply,Copper,Copper,Mining,Chile,country,,Base case,2025,5485.0,kt
supply,Copper,Copper,Mining,Chile,country,,Base case,2030,5369.0,kt
supply,Copper,Copper,Mining,Chile,country,,Base case,2035,4841.0,kt
supply,Copper,Copper,Mining,Chile,country,,Base case,2040,4165.0,kt
supply,Copper,Copper,Mining,Colombia,country,,Base case,2025,0.0,kt
supply,Copper,Copper,Mining,Colombia,country,,Base case,2030,0.0,kt
supply,Copper,Copper,Mining,Colombia,country,,Base case,2035,0.0,kt
supply,Copper,Copper,Mining,Colombia,country,,Base case,2040,0.0,kt
supply,Copper,Copper,Mining,Ecuador,country,,Base case,2025,0.0,kt
supply,Copper,Copper,Mining,Ecuador,country,,Base case,2030,0.0,kt
supply,Copper,Copper,Mining,Ecuador,country,,Base case,2035,0.0,kt
supply,Copper,Copper,Mining,Ecuador,country,,Base case,2040,0.0,kt
supply,Copper,Copper,Mining,Guyana,country,,Base case,2025,0.0,kt
supply,Copper,Copper,Mining,Guyana,country,,Base case,2030,0.0,kt
supply,Copper,Copper,Mining,Guyana,country,,Base case,2035,0.0,kt
supply,Copper,Copper,Mining,Guyana,country,,Base case,2040,0.0,kt
supply,Copper,Copper,Mining,Paraguay,country,,Base case,2025,0.0,kt
supply,Copper,Copper,Mining,Paraguay,country,,Base case,2030,0.0,kt
supply,Copper,Copper,Mining,Paraguay,country,,Base case,2035,0.0,kt
supply,Copper,Copper,Mining,Paraguay,country,,Base case,2040,0.0,kt
supply,Copper,Copper,Mining,Peru,country,,Base case,2025,2726.0,kt
supply,Copper,Copper,Mining,Peru,country,,Base case,2030,2712.0,kt
supply,Copper,Copper,Mining,Peru,country,,Base case,2035,2384.0,kt
supply,Copper,Copper,Mining,Peru,country,,Base case,2040,1859.0,kt
supply,Copper,Copper,Mining,Suriname,country,,Base case,2025,0.0,kt
supply,Copper,Copper,Mining,Suriname,country,,Base case,2030,0.0,kt
supply,Copper,Copper,Mining,Suriname,country,,Base case,2035,0.0,kt
supply,Copper,Copper,Mining,Suriname,country,,Base case,2040,0.0,kt
supply,Copper,Copper,Mining,Uruguay,country,,Base case,2025,0.0,kt
supply,Copper,Copper,Mining,Uruguay,country,,Base case,2030,0.0,kt
supply,Copper,Copper,Mining,Uruguay,country,,Base case,2035,0.0,kt
supply,Copper,Copper,Mining,Uruguay,country,,Base case,2040,0.0,kt
supply,Copper,Copper,Mining,Venezuela,country,,Base case,2025,0.0,kt
supply,Copper,Copper,Mining,Venezuela,country,,Base case,2030,0.0,kt
supply,Copper,Copper,Mining,Venezuela,country,,Base case,2035,0.0,kt
supply,Copper,Copper,Mining,Venezuela,country,,Base case,2040,0.0,kt
supply,Graphite,Graphite,Mining (natural),Argentina,country,,Base case,2025,0.0,kt
supply,Graphite,Graphite,Mining (natural),Argentina,country,,Base case,2030,0.0,kt
supply,Graphite,Graphite,Mining (natural),Argentina,country,,Base case,2035,0.0,kt
supply,Graphite,Graphite,Mining (natural),Argentina,country,,Base case,2040,0.0,kt
supply,Graphite,Graphite,Mining (natural),Bolivia,country,,Base case,2025,0.0,kt
supply,Graphite,Graphite,Mining (natural),Bolivia,country,,Base case,2030,0.0,kt
supply,Graphite,Graphite,Mining (natural),Bolivia,country,,Base case,2035,0.0,kt
supply,Graphite,Graphite,Mining (natural),Bolivia,country,,Base case,2040,0.0,kt
supply,Graphite,Graphite,Mining (natural),Brazil,country,,Base case,2025,64.1,kt
supply,Graphite,Graphite,Mining (natural),Brazil,country,,Base case,2030,98.5,kt
supply,Graphite,Graphite,Mining (natural),Brazil,country,,Base case,2035,104.0,kt
supply,Graphite,Graphite,Mining (natural),Brazil,country,,Base case,2040,83.9,kt
supply,Graphite,Graphite,Mining (natural),Chile,country,,Base case,2025,0.0,kt
supply,Graphite,Graphite,Mining (natural),Chile,country,,Base case,2030,0.0,kt
supply,Graphite,Graphite,Mining (natural),Chile,country,,Base case,2035,0.0,kt
supply,Graphite,Graphite,Mining (natural),Chile,country,,Base case,2040,0.0,kt
supply,Graphite,Graphite,Mining (natural),Colombia,country,,Base case,2025,0.0,kt
supply,Graphite,Graphite,Mining (natural),Colombia,country,,Base case,2030,0.0,kt
supply,Graphite,Graphite,Mining (natural),Colombia,country,,Base case,2035,0.0,kt
supply,Graphite,Graphite,Mining (natural),Colombia,country,,Base case,2040,0.0,kt
supply,Graphite,Graphite,Mining (natural),Ecuador,country,,Base case,2025,0.0,kt
supply,Graphite,Graphite,Mining (natural),Ecuador,country,,Base case,2030,0.0,kt
supply,Graphite,Graphite,Mining (natural),Ecuador,country,,Base case,2035,0.0,kt
supply,Graphite,Graphite,Mining (natural),Ecuador,country,,Base case,2040,0.0,kt
supply,Graphite,Graphite,Mining (natural),Guyana,country,,Base case,2025,0.0,kt
supply,Graphite,Graphite,Mining (natural),Guyana,country,,Base case,2030,0.0,kt
supply,Graphite,Graphite,Mining (natural),Guyana,country,,Base case,2035,0.0,kt
supply,Graphite,Graphite,Mining (natural),Guyana,country,,Base case,2040,0.0,kt
supply,Graphite,Graphite,Mining (natural),Paraguay,country,,Base case,2025,0.0,kt
supply,Graphite,Graphite,Mining (natural),Paraguay,country,,Base case,2030,0.0,kt
supply,Graphite,Graphite,Mining (natural),Paraguay,country,,Base case,2035,0.0,kt
supply,Graphite,Graphite,Mining (natural),Paraguay,country,,Base case,2040,0.0,kt
supply,Graphite,Graphite,Mining (natural),Peru,country,,Base case,2025,0.0,kt
supply,Graphite,Graphite,Mining (natural),Peru,country,,Base case,2030,0.0,kt
supply,Graphite,Graphite,Mining (natural),Peru,country,,Base case,2035,0.0,kt
supply,Graphite,Graphite,Mining (natural),Peru,country,,Base case,2040,0.0,kt
supply,Graphite,Graphite,Mining (natural),Suriname,country,,Base case,2025,0.0,kt
supply,Graphite,Graphite,Mining (natural),Suriname,country,,Base case,2030,0.0,kt
supply,Graphite,Graphite,Mining (natural),Suriname,country,,Base case,2035,0.0,kt
supply,Graphite,Graphite,Mining (natural),Suriname,country,,Base case,2040,0.0,kt
supply,Graphite,Graphite,Mining (natural),Uruguay,country,,Base case,2025,0.0,kt
supply,Graphite,Graphite,Mining (natural),Uruguay,country,,Base case,2030,0.0,kt
supply,Graphite,Graphite,Mining (natural),Uruguay,country,,Base case,2035,0.0,kt
supply,Graphite,Graphite,Mining (natural),Uruguay,country,,Base case,2040,0.0,kt
supply,Graphite,Graphite,Mining (natural),Venezuela,country,,Base case,2025,0.0,kt
supply,Graphite,Graphite,Mining (natural),Venezuela,country,,Base case,2030,0.0,kt
supply,Graphite,Graphite,Mining (natural),Venezuela,country,,Base case,2035,0.0,kt
supply,Graphite,Graphite,Mining (natural),Venezuela,country,,Base case,2040,0.0,kt
supply,Lithium,Lithium,Mining,Argentina,country,,Base case,2025,18.7,kt
supply,Lithium,Lithium,Mining,Argentina,country,,Base case,2030,51.4,kt
supply,Lithium,Lithium,Mining,Argentina,country,,Base case,2035,54.1,kt
supply,Lithium,Lithium,Mining,Argentina,country,,Base case,2040,54.4,kt
supply,Lithium,Lithium,Mining,Bolivia,country,,Base case,2025,0.0,kt
supply,Lithium,Lithium,Mining,Bolivia,country,,Base case,2030,0.0,kt
supply,Lithium,Lithium,Mining,Bolivia,country,,Base case,2035,0.0,kt
supply,Lithium,Lithium,Mining,Bolivia,country,,Base case,2040,0.0,kt
supply,Lithium,Lithium,Mining,Brazil,country,,Base case,2025,0.0,kt
supply,Lithium,Lithium,Mining,Brazil,country,,Base case,2030,0.0,kt
supply,Lithium,Lithium,Mining,Brazil,country,,Base case,2035,0.0,kt
supply,Lithium,Lithium,Mining,Brazil,country,,Base case,2040,0.0,kt
supply,Lithium,Lithium,Mining,Chile,country,,Base case,2025,52.1,kt
supply,Lithium,Lithium,Mining,Chile,country,,Base case,2030,56.6,kt
supply,Lithium,Lithium,Mining,Chile,country,,Base case,2035,58.4,kt
supply,Lithium,Lithium,Mining,Chile,country,,Base case,2040,58.6,kt
supply,Lithium,Lithium,Mining,Colombia,country,,Base case,2025,0.0,kt
supply,Lithium,Lithium,Mining,Colombia,country,,Base case,2030,0.0,kt
supply,Lithium,Lithium,Mining,Colombia,country,,Base case,2035,0.0,kt
supply,Lithium,Lithium,Mining,Colombia,country,,Base case,2040,0.0,kt
supply,Lithium,Lithium,Mining,Ecuador,country,,Base case,2025,0.0,kt
supply,Lithium,Lithium,Mining,Ecuador,country,,Base case,2030,0.0,kt
supply,Lithium,Lithium,Mining,Ecuador,country,,Base case,2035,0.0,kt
supply,Lithium,Lithium,Mining,Ecuador,country,,Base case,2040,0.0,kt
supply,Lithium,Lithium,Mining,Guyana,country,,Base case,2025,0.0,kt
supply,Lithium,Lithium,Mining,Guyana,country,,Base case,2030,0.0,kt
supply,Lithium,Lithium,Mining,Guyana,country,,Base case,2035,0.0,kt
supply,Lithium,Lithium,Mining,Guyana,country,,Base case,2040,0.0,kt
supply,Lithium,Lithium,Mining,Paraguay,country,,Base case,2025,0.0,kt
supply,Lithium,Lithium,Mining,Paraguay,country,,Base case,2030,0.0,kt
supply,Lithium,Lithium,Mining,Paraguay,country,,Base case,2035,0.0,kt
supply,Lithium,Lithium,Mining,Paraguay,country,,Base case,2040,0.0,kt
supply,Lithium,Lithium,Mining,Peru,country,,Base case,2025,0.0,kt
supply,Lithium,Lithium,Mining,Peru,country,,Base case,2030,0.0,kt
supply,Lithium,Lithium,Mining,Peru,country,,Base case,2035,0.0,kt
supply,Lithium,Lithium,Mining,Peru,country,,Base case,2040,0.0,kt
supply,Lithium,Lithium,Mining,Suriname,country,,Base case,2025,0.0,kt
supply,Lithium,Lithium,Mining,Suriname,country,,Base case,2030,0.0,kt
supply,Lithium,Lithium,Mining,Suriname,country,,Base case,2035,0.0,kt
supply,Lithium,Lithium,Mining,Suriname,country,,Base case,2040,0.0,kt
supply,Lithium,Lithium,Mining,Uruguay,country,,Base case,2025,0.0,kt
supply,Lithium,Lithium,Mining,Uruguay,country,,Base case,2030,0.0,kt
supply,Lithium,Lithium,Mining,Uruguay,country,,Base case,2035,0.0,kt
supply,Lithium,Lithium,Mining,Uruguay,country,,Base case,2040,0.0,kt
supply,Lithium,Lithium,Mining,Venezuela,country,,Base case,2025,0.0,kt
supply,Lithium,Lithium,Mining,Venezuela,country,,Base case,2030,0.0,kt
supply,Lithium,Lithium,Mining,Venezuela,country,,Base case,2035,0.0,kt
supply,Lithium,Lithium,Mining,Venezuela,country,,Base case,2040,0.0,kt
supply,Magnet rare earths,Magnet rare earth elements,Mining,Argentina,country,,Base case,2025,0.0,kt
supply,Magnet rare earths,Magnet rare earth elements,Mining,Argentina,country,,Base case,2030,0.0,kt
supply,Magnet rare earths,Magnet rare earth elements,Mining,Argentina,country,,Base case,2035,0.0,kt
supply,Magnet rare earths,Magnet rare earth elements,Mining,Argentina,country,,Base case,2040,0.0,kt
supply,Magnet rare earths,Magnet rare earth elements,Mining,Bolivia,country,,Base case,2025,0.0,kt
supply,Magnet rare earths,Magnet rare earth elements,Mining,Bolivia,country,,Base case,2030,0.0,kt
supply,Magnet rare earths,Magnet rare earth elements,Mining,Bolivia,country,,Base case,2035,0.0,kt
supply,Magnet rare earths,Magnet rare earth elements,Mining,Bolivia,country,,Base case,2040,0.0,kt
supply,Magnet rare earths,Magnet rare earth elements,Mining,Brazil,country,,Base case,2025,0.0,kt
supply,Magnet rare earths,Magnet rare earth elements,Mining,Brazil,country,,Base case,2030,0.0,kt
supply,Magnet rare earths,Magnet rare earth elements,Mining,Brazil,country,,Base case,2035,0.0,kt
supply,Magnet rare earths,Magnet rare earth elements,Mining,Brazil,country,,Base case,2040,0.0,kt
supply,Magnet rare earths,Magnet rare earth elements,Mining,Chile,country,,Base case,2025,0.0,kt
supply,Magnet rare earths,Magnet rare earth elements,Mining,Chile,country,,Base case,2030,0.0,kt
supply,Magnet rare earths,Magnet rare earth elements,Mining,Chile,country,,Base case,2035,0.0,kt
supply,Magnet rare earths,Magnet rare earth elements,Mining,Chile,country,,Base case,2040,0.0,kt
supply,Magnet rare earths,Magnet rare earth elements,Mining,Colombia,country,,Base case,2025,0.0,kt
supply,Magnet rare earths,Magnet rare earth elements,Mining,Colombia,country,,Base case,2030,0.0,kt
supply,Magnet rare earths,Magnet rare earth elements,Mining,Colombia,country,,Base case,2035,0.0,kt
supply,Magnet rare earths,Magnet rare earth elements,Mining,Colombia,country,,Base case,2040,0.0,kt
supply,Magnet rare earths,Magnet rare earth elements,Mining,Ecuador,country,,Base case,2025,0.0,kt
supply,Magnet rare earths,Magnet rare earth elements,Mining,Ecuador,country,,Base case,2030,0.0,kt
supply,Magnet rare earths,Magnet rare earth elements,Mining,Ecuador,country,,Base case,2035,0.0,kt
supply,Magnet rare earths,Magnet rare earth elements,Mining,Ecuador,country,,Base case,2040,0.0,kt
supply,Magnet rare earths,Magnet rare earth elements,Mining,Guyana,country,,Base case,2025,0.0,kt
supply,Magnet rare earths,Magnet rare earth elements,Mining,Guyana,country,,Base case,2030,0.0,kt
supply,Magnet rare earths,Magnet rare earth elements,Mining,Guyana,country,,Base case,2035,0.0,kt
supply,Magnet rare earths,Magnet rare earth elements,Mining,Guyana,country,,Base case,2040,0.0,kt
supply,Magnet rare earths,Magnet rare earth elements,Mining,Paraguay,country,,Base case,2025,0.0,kt
supply,Magnet rare earths,Magnet rare earth elements,Mining,Paraguay,country,,Base case,2030,0.0,kt
supply,Magnet rare earths,Magnet rare earth elements,Mining,Paraguay,country,,Base case,2035,0.0,kt
supply,Magnet rare earths,Magnet rare earth elements,Mining,Paraguay,country,,Base case,2040,0.0,kt
supply,Magnet rare earths,Magnet rare earth elements,Mining,Peru,country,,Base case,2025,0.0,kt
supply,Magnet rare earths,Magnet rare earth elements,Mining,Peru,country,,Base case,2030,0.0,kt
supply,Magnet rare earths,Magnet rare earth elements,Mining,Peru,country,,Base case,2035,0.0,kt
supply,Magnet rare earths,Magnet rare earth elements,Mining,Peru,country,,Base case,2040,0.0,kt
supply,Magnet rare earths,Magnet rare earth elements,Mining,Suriname,country,,Base case,2025,0.0,kt
supply,Magnet rare earths,Magnet rare earth elements,Mining,Suriname,country,,Base case,2030,0.0,kt
supply,Magnet rare earths,Magnet rare earth elements,Mining,Suriname,country,,Base case,2035,0.0,kt
supply,Magnet rare earths,Magnet rare earth elements,Mining,Suriname,country,,Base case,2040,0.0,kt
supply,Magnet rare earths,Magnet rare earth elements,Mining,Uruguay,country,,Base case,2025,0.0,kt
supply,Magnet rare earths,Magnet rare earth elements,Mining,Uruguay,country,,Base case,2030,0.0,kt
supply,Magnet rare earths,Magnet rare earth elements,Mining,Uruguay,country,,Base case,2035,0.0,kt
supply,Magnet rare earths,Magnet rare earth elements,Mining,Uruguay,country,,Base case,2040,0.0,kt
supply,Magnet rare earths,Magnet rare earth elements,Mining,Venezuela,country,,Base case,2025,0.0,kt
supply,Magnet rare earths,Magnet rare earth elements,Mining,Venezuela,country,,Base case,2030,0.0,kt
supply,Magnet rare earths,Magnet rare earth elements,Mining,Venezuela,country,,Base case,2035,0.0,kt
supply,Magnet rare earths,Magnet rare earth elements,Mining,Venezuela,country,,Base case,2040,0.0,kt
supply,Nickel,Nickel,Mining,Argentina,country,,Base case,2025,0.0,kt
supply,Nickel,Nickel,Mining,Argentina,country,,Base case,2030,0.0,kt
supply,Nickel,Nickel,Mining,Argentina,country,,Base case,2035,0.0,kt
supply,Nickel,Nickel,Mining,Argentina,country,,Base case,2040,0.0,kt
supply,Nickel,Nickel,Mining,Bolivia,country,,Base case,2025,0.0,kt
supply,Nickel,Nickel,Mining,Bolivia,country,,Base case,2030,0.0,kt
supply,Nickel,Nickel,Mining,Bolivia,country,,Base case,2035,0.0,kt
supply,Nickel,Nickel,Mining,Bolivia,country,,Base case,2040,0.0,kt
supply,Nickel,Nickel,Mining,Brazil,country,,Base case,2025,85.0,kt
supply,Nickel,Nickel,Mining,Brazil,country,,Base case,2030,82.0,kt
supply,Nickel,Nickel,Mining,Brazil,country,,Base case,2035,82.0,kt
supply,Nickel,Nickel,Mining,Brazil,country,,Base case,2040,82.0,kt
supply,Nickel,Nickel,Mining,Chile,country,,Base case,2025,0.0,kt
supply,Nickel,Nickel,Mining,Chile,country,,Base case,2030,0.0,kt
supply,Nickel,Nickel,Mining,Chile,country,,Base case,2035,0.0,kt
supply,Nickel,Nickel,Mining,Chile,country,,Base case,2040,0.0,kt
supply,Nickel,Nickel,Mining,Colombia,country,,Base case,2025,0.0,kt
supply,Nickel,Nickel,Mining,Colombia,country,,Base case,2030,0.0,kt
supply,Nickel,Nickel,Mining,Colombia,country,,Base case,2035,0.0,kt
supply,Nickel,Nickel,Mining,Colombia,country,,Base case,2040,0.0,kt
supply,Nickel,Nickel,Mining,Ecuador,country,,Base case,2025,0.0,kt
supply,Nickel,Nickel,Mining,Ecuador,country,,Base case,2030,0.0,kt
supply,Nickel,Nickel,Mining,Ecuador,country,,Base case,2035,0.0,kt
supply,Nickel,Nickel,Mining,Ecuador,country,,Base case,2040,0.0,kt
supply,Nickel,Nickel,Mining,Guyana,country,,Base case,2025,0.0,kt
supply,Nickel,Nickel,Mining,Guyana,country,,Base case,2030,0.0,kt
supply,Nickel,Nickel,Mining,Guyana,country,,Base case,2035,0.0,kt
supply,Nickel,Nickel,Mining,Guyana,country,,Base case,2040,0.0,kt
supply,Nickel,Nickel,Mining,Paraguay,country,,Base case,2025,0.0,kt
supply,Nickel,Nickel,Mining,Paraguay,country,,Base case,2030,0.0,kt
supply,Nickel,Nickel,Mining,Paraguay,country,,Base case,2035,0.0,kt
supply,Nickel,Nickel,Mining,Paraguay,country,,Base case,2040,0.0,kt
supply,Nickel,Nickel,Mining,Peru,country,,Base case,2025,0.0,kt
supply,Nickel,Nickel,Mining,Peru,country,,Base case,2030,0.0,kt
supply,Nickel,Nickel,Mining,Peru,country,,Base case,2035,0.0,kt
supply,Nickel,Nickel,Mining,Peru,country,,Base case,2040,0.0,kt
supply,Nickel,Nickel,Mining,Suriname,country,,Base case,2025,0.0,kt
supply,Nickel,Nickel,Mining,Suriname,country,,Base case,2030,0.0,kt
supply,Nickel,Nickel,Mining,Suriname,country,,Base case,2035,0.0,kt
supply,Nickel,Nickel,Mining,Suriname,country,,Base case,2040,0.0,kt
supply,Nickel,Nickel,Mining,Uruguay,country,,Base case,2025,0.0,kt
supply,Nickel,Nickel,Mining,Uruguay,country,,Base case,2030,0.0,kt
supply,Nickel,Nickel,Mining,Uruguay,country,,Base case,2035,0.0,kt
supply,Nickel,Nickel,Mining,Uruguay,country,,Base case,2040,0.0,kt
supply,Nickel,Nickel,Mining,Venezuela,country,,Base case,2025,0.0,kt
supply,Nickel,Nickel,Mining,Venezuela,country,,Base case,2030,0.0,kt
supply,Nickel,Nickel,Mining,Venezuela,country,,Base case,2035,0.0,kt
supply,Nickel,Nickel,Mining,Venezuela,country,,Base case,2040,0.0,kt
